net,kind,site,rows,cols,n_zero,abs_p1,abs_p99,abs_max,global_spread_p99_p1_log2,global_ratio_max_min_log2,exponent_span_bits,row_spread_p99p1_median_log2,row_spread_p99p1_p90_log2,row_spread_p99p1_max_log2,row_ratio_maxmin_median_log2,col_spread_p99p1_median_log2,col_spread_p99p1_p90_log2,col_spread_p99p1_max_log2,col_ratio_maxmin_median_log2,s1,s16,s1_over_s16,effective_rank_entropy,energy_frac_top16
e098_base_s4305,weight,wte,65,128,0,0.000465,0.116415,0.18286,7.968,14.411,14,6.989,8.792,9.472,8.921,6.804,8.431,12.359,7.854,1.33227,0.58434,2.28,31.94,0.72706
e098_base_s4305,weight,wpe,512,128,0,0.000199,0.059431,0.259586,8.221,21.173,22,7.041,8.304,10.248,8.693,7.843,8.748,9.506,11.958,2.48255,0.49963,4.97,31.34,0.66587
e098_base_s4305,weight,h0.ln1,128,,0,0.82276,0.940411,0.954937,0.193,0.23,0,,,,,,,,,,,,,
e098_base_s4305,weight,h0.ln1.bias,128,,0,0.000233,0.048836,0.050048,7.71,9.391,9,,,,,,,,,,,,,
e098_base_s4305,weight,h0.attn.c_attn[qkv],384,128,0,0.000271,0.065451,0.157974,7.914,17.987,18,7.029,8.338,10.454,8.67,7.632,8.486,9.943,10.408,1.80103,0.5412,3.33,68.18,0.48887
e098_base_s4305,weight,h0.attn.c_proj[attn-out],128,128,0,0.000329,0.072346,0.116442,7.779,15.622,15,6.983,8.511,9.375,8.689,6.991,8.247,10.3,8.781,1.34125,0.38217,3.51,39.0,0.66686
e098_base_s4305,weight,h0.ln2,128,,0,0.881264,0.924213,0.925268,0.069,0.075,0,,,,,,,,,,,,,
e098_base_s4305,weight,h0.ln2.bias,128,,0,0.000154,0.031379,0.035466,7.675,10.941,11,,,,,,,,,,,,,
e098_base_s4305,weight,h0.mlp.0[mlp-in],512,128,0,0.0003,0.062383,0.120351,7.698,18.794,18,6.962,8.453,10.98,8.611,7.563,8.293,9.083,10.895,1.15926,0.83205,1.39,87.67,0.4054
e098_base_s4305,weight,h0.mlp.0.bias,512,,0,0.000139,0.024907,0.031125,7.49,9.892,9,,,,,,,,,,,,,
e098_base_s4305,weight,h0.mlp.2[mlp-out],128,512,0,0.000277,0.059364,0.106558,7.744,17.162,17,7.562,8.355,9.293,11.07,7.05,8.504,11.307,8.765,1.05378,0.7778,1.35,92.85,0.37762
e098_base_s4305,weight,h0.mlp.2.bias,128,,0,0.000425,0.026132,0.026416,5.941,8.187,8,,,,,,,,,,,,,
e098_base_s4305,weight,h1.ln1,128,,0,0.926854,1.00252,1.005638,0.113,0.122,1,,,,,,,,,,,,,
e098_base_s4305,weight,h1.ln1.bias,128,,0,0.00025,0.09893,0.105568,8.626,9.233,9,,,,,,,,,,,,,
e098_base_s4305,weight,h1.attn.c_attn[qkv],384,128,0,0.000417,0.133903,0.291393,8.328,16.707,17,7.059,8.516,10.313,8.64,8.008,8.976,9.865,11.001,5.25094,0.83959,6.25,18.31,0.80199
e098_base_s4305,weight,h1.attn.c_proj[attn-out],128,128,0,0.000281,0.07382,0.145446,8.037,18.932,19,7.164,8.571,9.983,9.068,7.063,8.468,12.276,8.948,0.98401,0.43795,2.25,47.93,0.6337
e098_base_s4305,weight,h1.ln2,128,,0,0.86626,0.94898,0.962596,0.132,0.178,0,,,,,,,,,,,,,
e098_base_s4305,weight,h1.ln2.bias,128,,0,0.000373,0.033427,0.035523,6.486,7.398,8,,,,,,,,,,,,,
e098_base_s4305,weight,h1.mlp.0[mlp-in],512,128,0,0.000309,0.065676,0.128169,7.73,18.571,19,6.966,8.359,10.839,8.695,7.484,8.328,9.638,10.873,1.61391,0.76952,2.1,86.94,0.40789
e098_base_s4305,weight,h1.mlp.0.bias,512,,0,0.000127,0.031443,0.04709,7.951,14.259,14,,,,,,,,,,,,,
e098_base_s4305,weight,h1.mlp.2[mlp-out],128,512,0,0.000273,0.055084,0.099329,7.659,20.202,20,7.508,8.293,9.238,10.993,6.988,8.389,10.779,8.568,0.9972,0.66587,1.5,100.6,0.33065
e098_base_s4305,weight,h1.mlp.2.bias,128,,0,0.000336,0.027664,0.034364,6.364,7.509,8,,,,,,,,,,,,,
e098_base_s4305,weight,h2.ln1,128,,0,0.944526,1.038761,1.042504,0.137,0.145,1,,,,,,,,,,,,,
e098_base_s4305,weight,h2.ln1.bias,128,,0,0.000215,0.058832,0.067704,8.097,9.125,10,,,,,,,,,,,,,
e098_base_s4305,weight,h2.attn.c_attn[qkv],384,128,0,0.000474,0.171649,0.290717,8.5,18.973,19,7.095,8.474,11.494,8.88,8.149,9.201,10.826,11.485,6.6119,1.06836,6.19,17.11,0.8351
e098_base_s4305,weight,h2.attn.c_proj[attn-out],128,128,0,0.000366,0.074667,0.131581,7.674,18.416,19,7.064,8.307,11.398,8.758,6.967,8.422,10.256,8.694,0.8521,0.52983,1.61,58.81,0.52817
e098_base_s4305,weight,h2.ln2,128,,0,0.940126,1.05857,1.080516,0.171,0.24,1,,,,,,,,,,,,,
e098_base_s4305,weight,h2.ln2.bias,128,,0,0.000282,0.057419,0.058945,7.668,9.503,9,,,,,,,,,,,,,
e098_base_s4305,weight,h2.mlp.0[mlp-in],512,128,0,0.000417,0.091836,0.174247,7.784,19.625,20,7.033,8.414,12.115,8.674,7.513,8.529,9.832,11.075,2.40764,1.14676,2.1,66.69,0.52054
e098_base_s4305,weight,h2.mlp.0.bias,512,,0,0.00056,0.042219,0.047779,6.236,7.673,8,,,,,,,,,,,,,
e098_base_s4305,weight,h2.mlp.2[mlp-out],128,512,0,0.000289,0.064633,0.115278,7.803,23.278,23,7.549,8.343,9.454,10.937,7.029,8.486,10.655,8.692,0.98622,0.77315,1.28,102.59,0.30456
e098_base_s4305,weight,h2.mlp.2.bias,128,,0,0.000761,0.024099,0.026216,4.985,8.63,8,,,,,,,,,,,,,
e098_base_s4305,weight,h3.ln1,128,,0,0.909571,1.002979,1.009354,0.141,0.155,1,,,,,,,,,,,,,
e098_base_s4305,weight,h3.ln1.bias,128,,0,0.000399,0.039398,0.048037,6.627,8.768,9,,,,,,,,,,,,,
e098_base_s4305,weight,h3.attn.c_attn[qkv],384,128,0,0.000407,0.118672,0.25,8.187,19.719,20,7.102,8.299,10.027,8.885,7.874,8.703,9.682,10.789,3.40476,0.9842,3.46,38.4,0.69963
e098_base_s4305,weight,h3.attn.c_proj[attn-out],128,128,0,0.000297,0.061528,0.087624,7.697,15.202,15,7.002,8.464,9.763,8.586,6.906,8.357,10.109,8.81,0.80358,0.41548,1.93,68.34,0.44558
e098_base_s4305,weight,h3.ln2,128,,0,1.019901,1.132701,1.145415,0.151,0.174,0,,,,,,,,,,,,,
e098_base_s4305,weight,h3.ln2.bias,128,,0,0.000626,0.087619,0.094014,7.128,8.269,8,,,,,,,,,,,,,
e098_base_s4305,weight,h3.mlp.0[mlp-in],512,128,0,0.000478,0.108817,0.185016,7.832,19.525,19,7.062,8.454,11.035,8.726,7.642,8.475,10.454,11.192,3.21743,1.34341,2.39,67.71,0.49738
e098_base_s4305,weight,h3.mlp.0.bias,512,,0,0.000255,0.052586,0.062814,7.69,10.21,11,,,,,,,,,,,,,
e098_base_s4305,weight,h3.mlp.2[mlp-out],128,512,0,0.00036,0.07497,0.131143,7.7,18.153,19,7.442,8.426,9.156,10.969,6.961,8.364,10.329,8.748,1.77439,1.03615,1.71,71.88,0.49643
e098_base_s4305,weight,h3.mlp.2.bias,128,,0,0.000674,0.025803,0.027649,5.259,6.03,6,,,,,,,,,,,,,
e098_base_s4305,weight,ln_f,128,,0,1.174987,1.372005,1.391959,0.224,0.252,0,,,,,,,,,,,,,
e098_base_s4305,weight,ln_f.bias,128,,0,0.011236,0.154274,0.16009,3.779,5.397,6,,,,,,,,,,,,,
e098_base_s4305,weight,lm_head,65,128,0,0.001609,0.285065,0.504619,7.469,14.109,15,6.566,8.051,9.104,8.414,6.317,7.642,11.167,7.47,5.25752,1.32136,3.98,23.69,0.75036
e098_base_s4305,activation,stream0_embed,64,128,0,0.000692,0.132846,0.290786,7.584,17.084,17,6.966,8.061,8.908,9.042,6.393,7.883,10.726,7.628,,,,,
e098_base_s4305,activation,stream1_block0_out,64,128,0,0.003774,0.7414,1.591641,7.618,17.931,18,6.813,8.207,9.217,8.363,4.853,7.305,9.16,5.966,,,,,
e098_base_s4305,activation,stream2_block1_out,64,128,0,0.003416,0.73648,1.176952,7.752,14.962,15,7.167,8.301,9.721,8.74,5.667,7.461,9.707,6.407,,,,,
e098_base_s4305,activation,stream3_block2_out,64,128,0,0.001933,0.403865,0.912554,7.707,20.442,20,7.174,8.214,9.55,8.707,6.52,8.107,9.743,7.55,,,,,
e098_base_s4305,activation,stream4_block3_out,64,128,0,0.002168,0.682468,1.601101,8.298,15.245,15,7.059,8.417,9.169,8.82,7.033,8.623,13.497,7.866,,,,,
e131_consolidated_e113,weight,wte,65,192,0,0.000749,0.166757,0.281033,7.798,17.82,18,7.232,8.087,10.38,9.001,6.538,8.199,9.937,7.745,2.48302,1.09455,2.27,30.06,0.75213
e131_consolidated_e113,weight,wpe,256,192,0,0.00022,0.06311,0.207979,8.164,18.598,18,7.213,8.711,11.08,9.416,7.514,8.769,10.273,10.523,2.48414,0.47352,5.25,39.2,0.63424
e131_consolidated_e113,weight,h0.ln1,192,,0,0.577549,0.794506,0.797496,0.46,0.537,0,,,,,,,,,,,,,
e131_consolidated_e113,weight,h0.ln1.bias,192,,0,0.000348,0.047808,0.058808,7.103,7.83,7,,,,,,,,,,,,,
e131_consolidated_e113,weight,h0.attn.c_attn[qkv],576,192,0,0.000269,0.064191,0.152928,7.897,19.843,20,7.273,8.581,11.708,9.425,7.671,8.502,9.861,11.218,2.19266,0.83945,2.61,103.02,0.41401
e131_consolidated_e113,weight,h0.attn.c_proj[attn-out],192,192,0,0.000304,0.076146,0.13889,7.967,18.065,18,7.292,8.628,12.034,9.416,7.456,8.725,12.069,9.566,1.67229,0.62118,2.69,56.14,0.60098
e131_consolidated_e113,weight,h0.ln2,192,,0,0.701295,0.828598,0.835083,0.241,0.448,0,,,,,,,,,,,,,
e131_consolidated_e113,weight,h0.ln2.bias,192,,0,0.000454,0.061991,0.080218,7.093,8.349,8,,,,,,,,,,,,,
e131_consolidated_e113,weight,h0.mlp.0[mlp-in],768,192,0,0.00033,0.075607,0.162532,7.838,21.014,21,7.242,8.479,10.751,9.331,7.642,8.186,8.71,11.735,1.98183,1.53161,1.29,94.25,0.41111
e131_consolidated_e113,weight,h0.mlp.0.bias,768,,0,0.000346,0.046725,0.156899,7.079,12.628,13,,,,,,,,,,,,,
e131_consolidated_e113,weight,h0.mlp.2[mlp-out],192,768,0,0.000293,0.06953,0.156802,7.892,18.019,18,7.702,8.446,9.139,11.547,7.274,8.572,10.663,9.399,1.87637,1.46535,1.28,89.97,0.45102
e131_consolidated_e113,weight,h0.mlp.2.bias,192,,0,0.000165,0.079027,0.111924,8.904,9.625,9,,,,,,,,,,,,,
e131_consolidated_e113,weight,h1.ln1,192,,0,0.748682,0.848627,0.899493,0.181,0.284,0,,,,,,,,,,,,,
e131_consolidated_e113,weight,h1.ln1.bias,192,,0,0.000208,0.046912,0.051886,7.817,10.788,11,,,,,,,,,,,,,
e131_consolidated_e113,weight,h1.attn.c_attn[qkv],576,192,0,0.000353,0.091596,0.246343,8.021,18.691,18,7.382,8.687,11.097,9.527,7.73,8.639,9.766,11.285,4.09213,1.18588,3.45,55.6,0.60711
e131_consolidated_e113,weight,h1.attn.c_proj[attn-out],192,192,0,0.000333,0.083008,0.152362,7.961,16.908,17,7.342,8.714,11.104,9.575,7.193,8.518,10.817,9.496,1.80782,0.78641,2.3,48.09,0.65168
e131_consolidated_e113,weight,h1.ln2,192,,0,0.526213,0.800652,0.826364,0.606,0.712,0,,,,,,,,,,,,,
e131_consolidated_e113,weight,h1.ln2.bias,192,,0,0.001101,0.061468,0.088195,5.802,9.306,9,,,,,,,,,,,,,
e131_consolidated_e113,weight,h1.mlp.0[mlp-in],768,192,0,0.000283,0.086665,0.19432,8.261,20.662,21,7.253,8.407,10.9,9.365,8.066,8.871,9.445,11.94,4.4806,1.20205,3.73,77.09,0.48973
e131_consolidated_e113,weight,h1.mlp.0.bias,768,,0,0.000303,0.091429,0.115993,8.235,10.266,10,,,,,,,,,,,,,
e131_consolidated_e113,weight,h1.mlp.2[mlp-out],192,768,0,0.000159,0.052484,0.111206,8.364,22.507,22,8.196,9.011,10.034,12.451,7.152,8.512,11.636,9.323,1.25163,0.75054,1.67,126.88,0.32224
e131_consolidated_e113,weight,h1.mlp.2.bias,192,,0,0.000298,0.027681,0.035485,6.54,7.638,8,,,,,,,,,,,,,
e131_consolidated_e113,weight,h2.ln1,192,,0,0.781641,0.90902,0.997987,0.218,0.357,0,,,,,,,,,,,,,
e131_consolidated_e113,weight,h2.ln1.bias,192,,0,0.001124,0.05464,0.070984,5.603,6.688,7,,,,,,,,,,,,,
e131_consolidated_e113,weight,h2.attn.c_attn[qkv],576,192,0,0.000435,0.139637,0.284949,8.327,21.167,21,7.468,8.86,11.011,9.788,8.089,8.986,10.378,11.592,5.52027,1.82132,3.03,42.27,0.68401
e131_consolidated_e113,weight,h2.attn.c_proj[attn-out],192,192,0,0.000445,0.093461,0.182191,7.715,23.443,23,7.141,8.36,9.321,9.43,7.056,8.54,9.918,9.257,1.37197,0.98613,1.39,72.44,0.46138
e131_consolidated_e113,weight,h2.ln2,192,,0,0.538608,0.988339,1.049745,0.876,1.237,2,,,,,,,,,,,,,
e131_consolidated_e113,weight,h2.ln2.bias,192,,0,0.000871,0.086271,0.106184,6.63,8.924,9,,,,,,,,,,,,,
e131_consolidated_e113,weight,h2.mlp.0[mlp-in],768,192,0,0.000463,0.112134,0.203718,7.92,20.455,20,7.267,8.677,10.37,9.411,7.727,8.416,9.314,11.922,4.54458,2.07012,2.2,82.41,0.449
e131_consolidated_e113,weight,h2.mlp.0.bias,768,,0,0.002143,0.050292,0.057665,4.553,8.088,8,,,,,,,,,,,,,
e131_consolidated_e113,weight,h2.mlp.2[mlp-out],192,768,0,0.000306,0.074202,0.149243,7.921,19.082,19,7.741,8.553,9.863,11.722,7.21,8.528,12.558,9.299,1.47071,1.11869,1.31,147.77,0.23984
e131_consolidated_e113,weight,h2.mlp.2.bias,192,,0,0.000396,0.027429,0.038322,6.114,7.395,8,,,,,,,,,,,,,
e131_consolidated_e113,weight,h3.ln1,192,,0,0.796218,0.946887,1.015257,0.25,0.385,1,,,,,,,,,,,,,
e131_consolidated_e113,weight,h3.ln1.bias,192,,0,0.00093,0.069936,0.073266,6.232,7.854,8,,,,,,,,,,,,,
e131_consolidated_e113,weight,h3.attn.c_attn[qkv],576,192,0,0.000493,0.140443,0.305481,8.153,20.57,21,7.355,8.811,11.895,9.712,7.891,8.739,9.42,11.513,4.66223,2.01379,2.32,65.42,0.54606
e131_consolidated_e113,weight,h3.attn.c_proj[attn-out],192,192,0,0.000429,0.092865,0.163456,7.758,18.111,18,7.095,8.467,10.646,9.639,7.193,8.53,9.727,9.616,1.41009,0.89534,1.57,94.47,0.35734
e131_consolidated_e113,weight,h3.ln2,192,,0,0.732691,1.118309,1.153831,0.61,1.234,2,,,,,,,,,,,,,
e131_consolidated_e113,weight,h3.ln2.bias,192,,0,0.001374,0.170463,0.181851,6.955,7.973,8,,,,,,,,,,,,,
e131_consolidated_e113,weight,h3.mlp.0[mlp-in],768,192,0,0.000592,0.126726,0.222505,7.742,18.284,18,7.289,8.543,10.573,9.292,7.61,8.258,9.355,11.547,5.48416,2.35588,2.33,89.27,0.41701
e131_consolidated_e113,weight,h3.mlp.0.bias,768,,0,0.009571,0.060217,0.066461,2.654,5.319,6,,,,,,,,,,,,,
e131_consolidated_e113,weight,h3.mlp.2[mlp-out],192,768,0,0.000471,0.096186,0.175488,7.673,20.533,21,7.556,8.124,9.136,11.611,7.17,8.47,10.557,9.288,1.83559,1.49637,1.23,154.84,0.20853
e131_consolidated_e113,weight,h3.mlp.2.bias,192,,0,6.8e-05,0.037223,0.044218,9.096,9.665,10,,,,,,,,,,,,,
e131_consolidated_e113,weight,h4.ln1,192,,0,0.84871,1.020059,1.124548,0.265,0.413,1,,,,,,,,,,,,,
e131_consolidated_e113,weight,h4.ln1.bias,192,,0,0.000491,0.064326,0.076516,7.035,9.529,10,,,,,,,,,,,,,
e131_consolidated_e113,weight,h4.attn.c_attn[qkv],576,192,0,0.000578,0.152465,0.361505,8.042,22.357,22,7.324,8.709,10.743,9.582,7.765,8.641,9.857,11.466,4.36263,2.19261,1.99,89.92,0.43648
e131_consolidated_e113,weight,h4.attn.c_proj[attn-out],192,192,0,0.000506,0.100605,0.169212,7.636,18.611,19,7.185,8.34,9.916,9.377,7.206,8.462,11.9,9.411,1.22534,0.92759,1.32,105.51,0.31171
e131_consolidated_e113,weight,h4.ln2,192,,0,0.966453,1.162472,1.17885,0.266,0.748,1,,,,,,,,,,,,,
e131_consolidated_e113,weight,h4.ln2.bias,192,,0,0.002608,0.173908,0.195532,6.059,8.987,9,,,,,,,,,,,,,
e131_consolidated_e113,weight,h4.mlp.0[mlp-in],768,192,0,0.000635,0.132753,0.236015,7.708,18.402,18,7.232,8.436,11.954,9.381,7.538,8.328,9.155,11.597,5.30879,2.31587,2.29,114.48,0.33573
e131_consolidated_e113,weight,h4.mlp.0.bias,768,,0,0.013297,0.061473,0.072384,2.209,8.218,9,,,,,,,,,,,,,
e131_consolidated_e113,weight,h4.mlp.2[mlp-out],192,768,0,0.000535,0.107981,0.19861,7.658,19.344,19,7.547,8.203,9.049,11.503,7.225,8.317,11.867,9.281,2.25071,1.87556,1.2,137.47,0.26399
e131_consolidated_e113,weight,h4.mlp.2.bias,192,,0,0.000525,0.042578,0.051591,6.34,6.903,7,,,,,,,,,,,,,
e131_consolidated_e113,weight,h5.ln1,192,,0,0.84081,0.990438,1.019566,0.236,0.299,1,,,,,,,,,,,,,
e131_consolidated_e113,weight,h5.ln1.bias,192,,0,0.000409,0.071501,0.086009,7.451,9.964,10,,,,,,,,,,,,,
e131_consolidated_e113,weight,h5.attn.c_attn[qkv],576,192,0,0.000584,0.14522,0.290556,7.959,21.431,22,7.25,8.584,10.692,9.403,7.727,8.431,9.558,11.285,3.96412,2.02596,1.96,104.33,0.3868
e131_consolidated_e113,weight,h5.attn.c_proj[attn-out],192,192,0,0.000509,0.103853,0.228802,7.672,18.65,18,7.173,8.433,10.152,9.239,7.203,8.407,10.239,9.274,1.66477,0.93766,1.78,99.67,0.34096
e131_consolidated_e113,weight,h5.ln2,192,,0,1.047488,1.207709,1.213594,0.205,0.224,0,,,,,,,,,,,,,
e131_consolidated_e113,weight,h5.ln2.bias,192,,0,0.004309,0.154248,0.157678,5.162,8.703,9,,,,,,,,,,,,,
e131_consolidated_e113,weight,h5.mlp.0[mlp-in],768,192,0,0.000636,0.136625,0.245958,7.746,17.49,17,7.267,8.532,11.5,9.467,7.618,8.24,9.678,11.5,4.919,2.15464,2.28,134.27,0.27756
e131_consolidated_e113,weight,h5.mlp.0.bias,768,,0,0.007371,0.060288,0.079848,3.032,4.884,5,,,,,,,,,,,,,
e131_consolidated_e113,weight,h5.mlp.2[mlp-out],192,768,0,0.000549,0.12123,0.289772,7.787,19.072,19,7.658,8.291,9.322,11.63,7.282,8.524,10.584,9.389,4.37406,2.75705,1.59,59.6,0.58295
e131_consolidated_e113,weight,h5.mlp.2.bias,192,,0,0.000647,0.073031,0.127834,6.819,8.425,9,,,,,,,,,,,,,
e131_consolidated_e113,weight,ln_f,192,,0,0.989232,1.361775,1.366548,0.461,0.529,1,,,,,,,,,,,,,
e131_consolidated_e113,weight,ln_f.bias,192,,0,0.009988,0.129477,0.133228,3.696,10.769,11,,,,,,,,,,,,,
e131_consolidated_e113,weight,lm_head,65,192,0,0.001439,0.286914,0.515923,7.64,16.6,17,7.082,8.103,9.482,9.38,6.466,7.993,10.246,7.517,5.05187,1.63097,3.1,38.29,0.59411
e131_consolidated_e113,activation,stream0_embed,64,192,0,0.000744,0.159698,0.244401,7.745,12.644,12,7.381,8.385,10.58,9.11,6.431,8.014,10.285,7.561,,,,,
e131_consolidated_e113,activation,stream1_block0_out,64,192,0,0.005201,1.93228,4.354589,8.537,17.442,18,8.087,9.063,9.996,10.739,6.186,7.991,10.519,7.216,,,,,
e131_consolidated_e113,activation,stream2_block1_out,64,192,0,0.006571,2.172429,4.952487,8.369,16.127,16,7.75,9.249,10.472,10.252,5.999,8.147,10.78,6.977,,,,,
e131_consolidated_e113,activation,stream3_block2_out,64,192,0,0.005964,1.763164,4.144592,8.208,16.767,17,7.596,8.453,9.348,10.133,6.394,8.2,10.269,7.35,,,,,
e131_consolidated_e113,activation,stream4_block3_out,64,192,0,0.008215,1.74277,3.604882,7.729,17.677,17,7.014,8.754,10.418,9.526,6.302,7.986,10.833,7.286,,,,,
e131_consolidated_e113,activation,stream5_block4_out,64,192,0,0.007566,1.833003,3.707701,7.92,15.022,15,7.514,8.857,11.866,9.675,6.532,8.329,10.738,7.646,,,,,
e131_consolidated_e113,activation,stream6_block5_out,64,192,0,0.011622,3.706528,11.548582,8.317,17.853,18,7.299,8.723,9.317,9.761,6.533,8.442,11.823,7.59,,,,,
